houki-egov-mcp	46	https://github.com/shuji-bonji/houki-egov-mcp/issues/46#issuecomment-5892328317
houki-egov-mcp	47	https://github.com/shuji-bonji/houki-egov-mcp/issues/47#issuecomment-5892328721
houki-egov-mcp	48	https://github.com/shuji-bonji/houki-egov-mcp/issues/48#issuecomment-5892329160
houki-egov-mcp	49	https://github.com/shuji-bonji/houki-egov-mcp/issues/49#issuecomment-5892329602
houki-egov-mcp	52	https://github.com/shuji-bonji/houki-egov-mcp/issues/52#issuecomment-5892330098
houki-egov-mcp	53	https://github.com/shuji-bonji/houki-egov-mcp/issues/53#issuecomment-5892330549
houki-egov-mcp	54	https://github.com/shuji-bonji/houki-egov-mcp/issues/54#issuecomment-5892330999
houki-egov-mcp	56	https://github.com/shuji-bonji/houki-egov-mcp/issues/56#issuecomment-5892331396
houki-egov-mcp	57	https://github.com/shuji-bonji/houki-egov-mcp/issues/57#issuecomment-5892331869
houki-egov-mcp	64	https://github.com/shuji-bonji/houki-egov-mcp/issues/64#issuecomment-5892332283
houki-egov-mcp	65	https://github.com/shuji-bonji/houki-egov-mcp/issues/65#issuecomment-5892332633
houki-egov-mcp	66	https://github.com/shuji-bonji/houki-egov-mcp/issues/66#issuecomment-5892333039
houki-egov-mcp	69	https://github.com/shuji-bonji/houki-egov-mcp/issues/69#issuecomment-5892333553
houki-nta-mcp	64	https://github.com/shuji-bonji/houki-nta-mcp/issues/64#issuecomment-5892334041
houki-nta-mcp	65	https://github.com/shuji-bonji/houki-nta-mcp/issues/65#issuecomment-5892334426
houki-nta-mcp	66	https://github.com/shuji-bonji/houki-nta-mcp/issues/66#issuecomment-5892334825
houki-nta-mcp	67	https://github.com/shuji-bonji/houki-nta-mcp/issues/67#issuecomment-5892335193
houki-nta-mcp	68	https://github.com/shuji-bonji/houki-nta-mcp/issues/68#issuecomment-5892335570
houki-nta-mcp	69	https://github.com/shuji-bonji/houki-nta-mcp/issues/69#issuecomment-5892335949
houki-nta-mcp	70	https://github.com/shuji-bonji/houki-nta-mcp/issues/70#issuecomment-5892336331
houki-nta-mcp	71	https://github.com/shuji-bonji/houki-nta-mcp/issues/71#issuecomment-5892336742
houki-nta-mcp	79	https://github.com/shuji-bonji/houki-nta-mcp/issues/79#issuecomment-5892337161
houki-nta-mcp	82	https://github.com/shuji-bonji/houki-nta-mcp/issues/82#issuecomment-5892337532
houki-abbreviations	17	https://github.com/shuji-bonji/houki-abbreviations/issues/17#issuecomment-5892338051
houki-abbreviations	19	https://github.com/shuji-bonji/houki-abbreviations/issues/19#issuecomment-5892338405
houki-abbreviations	21	https://github.com/shuji-bonji/houki-abbreviations/issues/21#issuecomment-5892339029
houki-abbreviations	22	https://github.com/shuji-bonji/houki-abbreviations/issues/22#issuecomment-5892339482
houki-abbreviations	24	https://github.com/shuji-bonji/houki-abbreviations/issues/24#issuecomment-5892340011
