houki-egov-mcp#107	https://github.com/shuji-bonji/houki-egov-mcp/issues/107#issuecomment-5974711816
houki-egov-mcp#105	https://github.com/shuji-bonji/houki-egov-mcp/issues/105#issuecomment-5974711938
houki-nta-mcp#116	https://github.com/shuji-bonji/houki-nta-mcp/issues/116#issuecomment-5974712321
houki-hub#26	https://github.com/shuji-bonji/houki-hub/issues/26#issuecomment-5974712495
houki-egov-mcp#108	https://github.com/shuji-bonji/houki-egov-mcp/issues/108#issuecomment-5977054213
houki-egov-mcp#110	https://github.com/shuji-bonji/houki-egov-mcp/issues/110#issuecomment-5977054336
houki-egov-mcp#111	https://github.com/shuji-bonji/houki-egov-mcp/issues/111#issuecomment-5977054450
houki-nta-mcp#138	https://github.com/shuji-bonji/houki-nta-mcp/issues/138#issuecomment-5977054708
houki-nta-mcp#137	https://github.com/shuji-bonji/houki-nta-mcp/issues/137#issuecomment-5977054859
houki-nta-mcp#139	https://github.com/shuji-bonji/houki-nta-mcp/issues/139#issuecomment-5977055030
