01-suppl-articles.md	51	https://github.com/shuji-bonji/houki-egov-mcp/issues/51
02-abbreviation-matching.md	52	https://github.com/shuji-bonji/houki-egov-mcp/issues/52
03-empty-string-args.md	53	https://github.com/shuji-bonji/houki-egov-mcp/issues/53
04-numeric-and-format-args.md	54	https://github.com/shuji-bonji/houki-egov-mcp/issues/54
05-search-law-response.md	55	https://github.com/shuji-bonji/houki-egov-mcp/issues/55
06-docs-mismatch.md	56	https://github.com/shuji-bonji/houki-egov-mcp/issues/56
07-error-detail-shape.md	57	https://github.com/shuji-bonji/houki-egov-mcp/issues/57
08-daily-sync-dates.md	58	https://github.com/shuji-bonji/houki-egov-mcp/issues/58
09-ingest-content.md	59	https://github.com/shuji-bonji/houki-egov-mcp/issues/59
10-db-lifecycle.md	60	https://github.com/shuji-bonji/houki-egov-mcp/issues/60
11-cli-args-and-status.md	61	https://github.com/shuji-bonji/houki-egov-mcp/issues/61
12-explain-law-type-kinds.md	62	https://github.com/shuji-bonji/houki-egov-mcp/issues/62
13-name-based-inference.md	63	https://github.com/shuji-bonji/houki-egov-mcp/issues/63
14-response-fields.md	64	https://github.com/shuji-bonji/houki-egov-mcp/issues/64
15-revisions-semantics.md	65	https://github.com/shuji-bonji/houki-egov-mcp/issues/65
16-file-names.md	66	https://github.com/shuji-bonji/houki-egov-mcp/issues/66
17-fulltext-expansion.md	67	https://github.com/shuji-bonji/houki-egov-mcp/issues/67
