13	https://github.com/shuji-bonji/houki-abbreviations/issues/13#issuecomment-5901505925
14	https://github.com/shuji-bonji/houki-abbreviations/issues/14#issuecomment-5901506402
15	https://github.com/shuji-bonji/houki-abbreviations/issues/15#issuecomment-5901506889
16	https://github.com/shuji-bonji/houki-abbreviations/issues/16#issuecomment-5901507335
17	https://github.com/shuji-bonji/houki-abbreviations/issues/17#issuecomment-5901507915
18	https://github.com/shuji-bonji/houki-abbreviations/issues/18#issuecomment-5901508432
19	https://github.com/shuji-bonji/houki-abbreviations/issues/19#issuecomment-5901508867
20	https://github.com/shuji-bonji/houki-abbreviations/issues/20#issuecomment-5901509272
21	https://github.com/shuji-bonji/houki-abbreviations/issues/21#issuecomment-5901509712
22	https://github.com/shuji-bonji/houki-abbreviations/issues/22#issuecomment-5901510161
23	https://github.com/shuji-bonji/houki-abbreviations/issues/23#issuecomment-5901510766
24	https://github.com/shuji-bonji/houki-abbreviations/issues/24#issuecomment-5901511311
25	https://github.com/shuji-bonji/houki-abbreviations/issues/25#issuecomment-5901511974
